Matric_Number,CCA,Position,total point
A0203538J,HRB,Marketing Member,8
A0203538J,Expeditions,Member,12
A0203538J,External CCA,Member,10
A0203538J,Floorball F,Member,10
A0203538J,Touch Rugby F,Member,0
A0203538J,Volleyball F,Member,8
A0201662Y,EHDP,Dance 1,1
A0201662Y,EusoffWorks,Audio Member,7
A0201662Y,Frisbee,Member,1
A0201662Y,Handball M,Member,2
A0201662Y,Table Tennis M,Member,1
A0201662Y,Volleyball M,Member,3
A0205183M,EHDP,Dance 1,7
A0205183M,Floorball F,Member,1
A0200839H,Elderly Services,Member,1
A0166729N,MINDS,Member,4
A0166729N,Finance Committee,Member,6
A0166729N,Football M,Captain,20
A0166729N,Takraw,Member,12
A0182307J,Frisbee,Member,4
A0182307J,Football M,Member,3
A0182307J,Softball,Member,0
A0206252R,RAG Dancer,Dancer,5
A0206252R,HPB,Member,2
A0206252R,EHDP,Dance 1,7
A0206252R,EHDP,Dance 6,7
A0206252R,EDC,Member,4
A0206252R,HMC,Member,8
A0206252R,SPT,BASHIE,2
A0206252R,SMC,Member (Publications),9
A0206252R,Baketball M,Member,1
A0206252R,Handball M,Member,13
A0206252R,Softball,Member,9
A0206252R,External CCA,Member,10
A0200833U,Hackers,Member (Sem 2),8
A0200833U,EHDP,Dance 8,8
A0200833U,Choir,Member,6
A0200833U,EusoffWorks,Video Member,7
A0200833U,Co-Convening,Member (First Aid),10
A0200833U,Amplitude,Choir,1
A0200833U,External CCA,Member,10
A0200833U,Football M,Member,0
A0200833U,Touch Rugby M,Member,10
A0200833U,Table Tennis M,Member,1
A0201880M,HRB,Programmes Member,6
A0201880M,RAG Comm,Costumer ,10
A0201880M,EHDP,Drama Cast,14
A0201880M,Band,Member,7
A0201880M,Badminton M,Member,13
A0201880M,Volleyball M,Member,9
A0205887R,Expeditions,Member,12
A0205887R,Floorball F,Member,4
A0210628M,Elderly Services,Member,1
A0210628M,MINDS,Member,3
A0199885X,EusoffWorks,Photo Member,1
A0199885X,Baketball M,Member,0
A0204898N,RAG Comm,Floats,6
A0204898N,EHDP,Dance 1,7
A0204898N,Band,Member,7
A0204898N,EusoffWorks,Photo Member,10
A0204898N,Badminton F,Member,11
A0204898N,Floorball F,Member,11
A0204898N,Soccer F,Member,8
A0204898N,Volleyball F,Member,0
A0204993X,Frisbee,Member,2
A0204993X,Handball F,Member,0
A0204993X,Netball,Member,8
A0204993X,Road relay F,Member,2
A0204993X,Soccer F,Member,1
A0204993X,Touch Rugby F,Member,4
A0204993X,Track F,Member,0
A0173100B,Salvation Army,Member,5
A0173100B,External CCA,Member,6
A0173100B,Floorball F,Captain,15
A0173100B,Handball F,Member,1
A0173100B,Softball,Member,3
A0183524E,Badminton M,Member,6
A0206079A,Green Committee,Member,4
A0206079A,External CCA,Member,4
A0206079A,Table Tennis M,Member,12
A0188116B,Table Tennis M,Member,6
A0200410L,Road Relay M,Member,7
A0200410L,Swim M,Member,0
A0200410L,Track M,Member,1
A0183591X,EHOC,Marketing Member,9
A0183591X,External CCA,Member,6
A0183591X,Handball M,Member,0
A0183591X,Tennis M,Member,13
A0200784J,EHDP,Dance 6,6
A0200784J,Swim F,Member,3
A0206206U,Band,Member,7
A0206206U,CHEC,Band,3
A0182840E,Elderly Services,Head,18
A0182840E,Salvation Army,Member,8
A0182840E,MINDS,Member,7
A0182840E,Dean's List,Member,8
A0182840E,Baketball M,Member,13
A0199508M,RAG Dancer,Dance,6
A0199508M,EHDP,Dance Coordinator,6
A0199508M,EHDP,Ensemble,4
A0199508M,HMC,Member,10
A0199508M,SPT,MEMBER,9
A0199508M,EusoffWorks,Photo Member,10
A0199508M,Badminton M,Member,13
A0199508M,Squash M,Member,0
A0199508M,Touch Rugby M,Member,3
A0199508M,EHDP,Dance 7,7
A0200215E,Expeditions,Member,15
A0200215E,MINDS,Member,1
A0200215E,Frisbee,Member,0
A0200215E,Floorball M,Member,4
A0200215E,Handball M,Member,0
A0200215E,Touch Rugby M,Vice-Captain,15
A0185446W,EusoffWorks,CRO,9
A0185446W,SMC,Subcomm Head (Programmes),16
A0185446W,SEP,EW CRO,7
A0185446W,SEP,Sports,1
A0185446W,Badminton M,Vice-Captain,12
A0201709M,EHDP,Dance 1,8
A0201709M,EHDP,Dance 6,7
A0201709M,CMC,Member,3
A0201709M,EDC,Member,10
A0201709M,DU,EDC,3
A0210748H,EHDP,Dance 4,8
A0210748H,EDC,Member,4
A0210748H,DU,EDC,3
A0202719J,External CCA,Member,2
A0202719J,Basketball F,Member,0
A0202719J,Floorball F,Member,0
A0202719J,Handball F,Member,2
A0202719J,Soccer F,Member,1
A0202719J,Touch Rugby F,Member,4
A0204429J,EHDP,Dance 1,5
A0204429J,Expeditions,Member,9
A0204429J,SPT,MEMBER,7
A0204429J,Swim F,Member,0
A0204429J,Touch Rugby F,Member,0
A0204429J,Volleyball F,Member,10
A0204087J,EHDP,Dance 3,6
A0204087J,Expeditions,Member,3
A0204087J,Co-Convening,Member (Opening/Closing),6
A0204087J,Frisbee,Member,0
A0204087J,Netball,Member,6
A0204087J,Touch Rugby F,Member,1
A0173783U,Volleyball F,Member,12
A0202022J,RAG Dancer,Dancer,7
A0202022J,HMC,Member,11
A0202022J,SPT,BASHIE,2
A0202022J,Team Manager,Member (Table Tennis),7
A0202022J,Badminton M,Member,13
A0202022J,EHDP,Dance Coordinator,6
A0202022J,EHDP,Dance 8,11
A0184740A,MINDS,Member,1
A0183899B,EHOC,Progs Member,0
A0183899B,Drama,Member,3
A0183899B,EBP,Member,5
A0183899B,Handball M,Member,0
A0183899B,Softball,Member,2
A0183899B,Touch Rugby M,Member,6
A0204158L,EHDP,Publicity,8
A0204158L,EHDP,Dance 6,7
A0204158L,CMC,Member,9
A0204158L,HMC,Member,9
A0204158L,EusoffWorks,Video Member,14
A0204158L,Table Tennis F,Member,2
A0172897J,Badminton F,Member,3
A0187570W,EHDP,Dance 5,7
A0187570W,Band,Member,9
A0187570W,Choir,Section Head,11
A0187570W,Amplitude,Choir,1
A0187570W,External CCA,Member,9
A0187570W,Softball,Member,4
A0187570W,CHEC,Band,3
A0188930U,EHDP,Sounds Head,10
A0188930U,CMC,Head,16
A0188930U,Expeditions,Treasurer,16
A0188930U,Co-Convening,Subcomm Head (Opening/Closing),9
A0189584H,HPB,Exco,10
A0189584H,EHDP,Dance 5,6
A0189584H,Frisbee,Member,9
A0189584H,External CCA,Member,6
A0190574Y,SMC,Member (Programmes),4
A0190574Y,Netball,Member,6
A0183187W,External CCA,Member,3
A0183187W,Floorball M,Member,12
A0201980L,Band,Member,5
A0201980L,SMC,Member (Programmes),8
A0201980L,External CCA,Member,6
A0201980L,Football M,Member,1
A0201980L,Tennis M,Member,8
A0203698W,HRB,Programmes Member,6
A0203698W,Softball,Member,0
A0203698W,Tennis F,Member,12
A0200757J,Choir,Member,9
A0200757J,MINDS,Member,2
A0200757J,Co-Convening,Member (First Aid),5
A0200757J,Amplitude,Choir,1
A0200757J,Swim F,Member,1
A0205104B,Salvation Army,Member,7
A0205104B,SMC,Member (Logistics),6
A0205104B,Floorball F,Member,9
A0205104B,Swim F,Member,12
A0205104B,Touch Rugby F,Member,0
A0189931N,Hackers,Member,1
A0189931N,External CCA,Member,5
A0189931N,Frisbee,Captain,17
A0184992L,MINDS,Member,1
A0184992L,Frisbee,Member,10
A0184992L,Touch Rugby M,Member,5
A0184992L,Tennis M,Member,0
A0184992L,Table Tennis M,Member,10
A0201995Y,EHDP,Dance 8,7
A0201995Y,EusoffWorks,Photo Member,10
A0201995Y,SMC,Member (Programmes),10
A0201995Y,DU - JunKweh,Member,2
A0201995Y,Handball M,Member,0
A0201995Y,Softball,Vice-Captain,11
A0201995Y,Touch Rugby M,Member,11
A0200065Y,EHDP,Dance 4,8
A0200065Y,EHDP,Dance 6,7
A0200065Y,Choir,Member,3
A0200065Y,Elderly Services,Member,5
A0200065Y,EusoffWorks,Video Member,9
A0200065Y,Co-Convening,Member (First Aid),5
A0200065Y,Amplitude,Choir,1
A0200065Y,Frisbee,Member,4
A0200065Y,Floorball M,Member,2
A0200065Y,Takraw,Member,0
A0200885E,EHDP,Marketing,6
A0200885E,EHDP,Dance 3,7
A0200885E,Band,Band Leader,10
A0200885E,Choir,Member,7
A0200885E,Amplitude,Choir,1
A0200885E,Swim F,Member,0
A0200885E,Volleyball F,Member,11
A0205960H,Choir,Member,10
A0205960H,Drama,Member,5
A0205960H,MINDS,Member,3
A0205960H,Amplitude,Choir,1
A0166966J,Floorball M,Member,14
A0166966J,External CCA,Member,3
A0200803Y,Choir,Member,9
A0200803Y,Elderly Services,Member,1
A0200803Y,MINDS,Member,3
A0200803Y,EusoffWorks,Video Member,9
A0200803Y,Amplitude,Choir,1
A0200803Y,Baketball M,Member,0
A0200803Y,Road Relay M,Member,1
A0200803Y,Table Tennis M,Member,2
A0200803Y,Track M,Member,0
A0204496B,MINDS,Member,4
A0204496B,Co-Convening,Member (First Aid),8
A0204496B,Floorball F,Member,0
A0204496B,Handball F,Member,0
A0204496B,Softball,Member,6
A0166659L,SEP,Sports,2
A0166659L,Floorball M,Member,2
A0204855A,HRB,Marketing Member,9
A0204855A,RAG Dancer,Dance,5
A0204855A,SMC,Member (Logistics),9
A0204855A,Floorball F,Member,9
A0204855A,Handball F,Member,1
A0204855A,Soccer F,Member,8
A0204855A,Tennis F,Member,0
A0204855A,EHDP,Dance 2,10
A0185251H,HRB,Marketing Head,13
A0185251H,FLAG Comm,Programmes Head,10
A0185251H,Expeditions,Fundraising Head,16
A0185251H,Elderly Services,Member,1
A0185251H,MINDS,Member,2
A0185251H,SMC,Subcomm Head (Sponsorship),16
A0200112M,EHDP,Dance 5,7
A0200112M,Handball M,Member,1
A0200112M,Swim M,Member,2
A0204413X,HRB,Programmes Member,8
A0204413X,RAG Dancer,Dancer,5
A0204413X,HPB,Member,9
A0204413X,EHDP,Dance 5,9
A0204413X,HMC,Member,10
A0204413X,Badminton F,Member,12
A0204413X,Handball F,Member,1
A0204413X,Netball,Member,0
A0204413X,Touch Rugby F,Member,0
A0204413X,Volleyball F,Member,0
A0189540X,Hackers,Member,4
A0189540X,External CCA,Member,7
A0189540X,Basketball F,Captain,15
A0189540X,Touch Rugby F,Member,7
A0189540X,Track F,Member,3
A0189368H,EusoffWorks,Logs Head,15
A0189368H,Summer,EW,2
A0189368H,EHOC,Progs Member,10
A0189368H,RAG Comm,floats ,11
A0189368H,EHDP,Sets Head 2,13
A0189368H,EHDP,Dance 5,7
A0189368H,CMC,Member,10
A0182356B,Expeditions,Training & Development Head,16
A0182356B,SMC,Member (Publications),7
A0182356B,Football M,Member,1
A0182356B,Takraw,Member,1
A0182356B,Volleyball M,Member,1
A0202473N,HRB,Publicity Member,6
A0202473N,RAG Comm,Floater,7
A0202473N,EusoffWorks,Design Member,5
A0202473N,Co-Convening,Member (First Aid),3
A0202473N,External CCA,Member,10
A0202473N,Badminton F,Member,13
A0202473N,Basketball F,Member,0
A0202473N,Floorball F,Member,0
A0202473N,Road relay F,Member,0
A0202473N,Soccer F,Member,0
A0202473N,Squash F,Member,1
A0202473N,Table Tennis F,Member,2
A0202473N,Volleyball F,Member,1
A0167783M,Elderly Services,Member,5
A0167783M,EusoffWorks,Audio Member,4
A0167783M,SMC,Member (Logistics),10
A0167783M,SEP,EW Audio Member,4
A0167783M,Elderly Services,Member,4
A0167783M,Handball M,Member,11
A0203089H,RAG Comm,Floater ,3
A0203089H,EHDP,Dance 8,5
A0203089H,HMC,Member,4
A0203089H,SPT,BASHIE,2
A0203089H,SMC,Member (Logistics),2
A0203089H,Team Manager,Member (Handball),5
A0203089H,Handball F,Member,2
A0203089H,Softball,Member,10
A0203089H,Track F,Member,0
A0207415M,Road Relay M,Member,1
A0207415M,Takraw,Member,0
A0201602A,MINDS,Member,1
A0201602A,Road Relay M,Member,13
A0201602A,Football M,Member,12
A0201602A,Takraw,Member,11
A0201602A,Track M,Vice-Captain,13
A0199909A,Expeditions,Member,11
A0199909A,Handball M,Member,8
A0199909A,Touch Rugby M,Member,9
A0199909A,Volleyball M,Member,11
A0200069R,RAG Comm,Floats,11
A0200069R,EHDP,Dance 5,10
A0200069R,Expeditions,Member,12
A0200069R,HMC,Member,9
A0200069R,Team Manager,Member (Netball),9
A0200069R,Floorball M,Member,0
A0200069R,Handball M,Member,0
A0200069R,Tennis M,Member,11
A0200069R,Table Tennis M,Member,0
A0200069R,Track M,Member,1
A0200069R,Volleyball M,Member,1
A0166776L,DU - Kyrene,Member,3
A0166776L,DU - JunKweh,Member,3
A0171668U,EHDP,Treasurer + Secretary,10
A0171668U,EHDP,Dance 6,7
A0171668U,SPT,SC HEAD,4
A0171668U,Co-Convening,Subcomm Head (First Aid),9
A0171668U,Badminton F,Member,11
A0171668U,Floorball F,Member,9
A0171668U,Handball F,Member,8
A0171668U,Volleyball F,Member,0
A0199733M,MINDS,Member,8
A0199733M,Co-Convening,Member (First Aid),4
A0199733M,Swim M,Member,2
A0199733M,Takraw,Member,1
A0199733M,Volleyball M,Member,7
A0199733M,Choir,Member,2
A0199733M,Amplitude,Choir,1
A0206270R,CMC,Member,4
A0204314X,EHDP,Sounds,6
A0204314X,Floorball F,Member,9
A0204314X,Road relay F,Member,0
A0204314X,Table Tennis F,Member,0
A0204314X,Volleyball F,Member,3
A0173186Y,Football M,Member,6
A0203798U,RAG Comm,Costumer,10
A0203798U,EHDP,Lights,5
A0203798U,EHDP,Dance 4,7
A0203798U,CMC,Member,8
A0203798U,Choir,Member,5
A0203798U,HMC,Member,8
A0203798U,Co-Convening,Member (First Aid),5
A0203798U,Amplitude,Choir,1
A0203798U,Floorball F,Member,10
A0203798U,Touch Rugby F,Member,1
A0205640R,Choir,Member,2
A0205640R,Co-Convening,Member (First Aid),6
A0205640R,Amplitude,Choir,1
A0205640R,Touch Rugby F,Member,4
A0199168J,EHDP,Sets,7
A0199168J,EHDP,Dance 4,8
A0199168J,Acapella,Member,8
A0199168J,Band,Member,10
A0199168J,MINDS,Member,7
A0199168J,HMC,Member,10
A0199168J,SPT,BASHIE,2
A0199168J,Co-Convening,Member (First Aid),10
A0199168J,Team Manager,Member (Tennis),8
A0199168J,Floorball M,Member,0
A0199168J,Squash M,Member,0
A0199168J,Amplitude,Acapella,1
A0172607E,Green Committee,Member,3
A0172607E,HMC,Member,5
A0172607E,Floorball F,Member,7
A0199808H,Band,Member,7
A0199808H,Football M,Member,15
A0199283M,RAG Comm,Costumer,10
A0199283M,EusoffWorks,CRO,14
A0199283M,SMC,Member (Publicity),8
A0199283M,Team Manager,Member (Football),7
A0199283M,Badminton M,Member,12
A0199283M,Frisbee,Member,10
A0199283M,Softball,Member,0
A0199283M,Squash M,Member,0
A0199283M,Volleyball M,Member,0
A0190759N,EHOC,Progs Member,9
A0190759N,RAG Comm,Floater ,3
A0190759N,CMC,Member,7
A0190759N,SPT,SC HEAD,13
A0190759N,EusoffWorks,Audio Head,14
A0190759N,DU - JunKweh,Member,3
A0190759N,Touch Rugby M,Member,7
A0190759N,EDC,Member,7
A0190759N,DU,EDC,3
A0201843N,Salvation Army,Member,8
A0201843N,Elections Comm,Member,4
A0201843N,SPT,BASHIE,2
A0201843N,EusoffWorks,IT Member,7
A0201843N,Gym Committee,Member,3
A0201843N,Floorball M,Member,13
A0201843N,Softball,Member,4
A0172973U,MINDS,Member,1
A0200822X,Choir,Section Head,11
A0200822X,MINDS,Member,2
A0200822X,Amplitude,Choir,1
A0184643Y,Choir,Member,7
A0184643Y,MINDS,Head,14
A0184643Y,EusoffWorks,Video Member,0
A0184643Y,Co-Convening,Member (First Aid),2
A0184643Y,Amplitude,Choir,1
A0184643Y,Road Relay M,Member,3
A0184643Y,Football M,Member,8
A0184643Y,Takraw,Member,8
A0184643Y,Table Tennis M,Member,0
A0167352A,Band,Member,5
A0167352A,SEP,Sports,5
A0167352A,Football M,Member,4
A0167352A,Takraw,Member,2
A0167352A,Summer,Band,3
A0167352A,SEP,Band,5
A0167694L,Table Tennis M,Member,7
A0189894Y,EHDP,Logistics,5
A0189894Y,EHDP,Dance 5,2
A0189894Y,Football M,Member,2
A0189894Y,Touch Rugby M,Member,6
A0189894Y,Table Tennis M,Member,1
A0206156L,HRB,Logistic Member,8
A0206156L,EHDP,Dance 8,6
A0206156L,Drama,Member,2
A0206156L,MINDS,Member,9
A0206156L,SMC,Member (Logistics),11
A0206156L,External CCA,Member,10
A0206156L,Frisbee,Member,12
A0206156L,Floorball M,Member,1
A0206156L,Softball,Member,1
A0206156L,Track M,Member,0
A0206156L,Volleyball M,Member,0
A0209252L,EHDP,Dance 7,8
A0209252L,Green Committee,Treasurer,6
A0209252L,MINDS,Member,8
A0209252L,Finance Committee,Member,6
A0209252L,External CCA,Member,10
A0209252L,Table Tennis F,Vice-Captain,13
A0199482L,EusoffWorks,Video Member,5
A0199482L,Baketball M,Member,1
A0199482L,Table Tennis M,Member,13
A0182493X,Salvation Army,Head,5
A0182493X,Gym Committee,Member,3
A0182493X,Baketball M,Member,2
A0182493X,Handball M,Member,9
A0185848J,CMC,Member,4
A0185848J,Drama,Head,14
A0166777J,Green Committee,Project Manager,7
A0166777J,Elections Comm,Head,8
A0166777J,External CCA,Member,8
A0166777J,Table Tennis M,Member,11
A0166777J,Track M,Member,6
A0166777J,Volleyball M,Member,0
A0201595H,EHDP,Dance 9,7
A0201595H,EHDP,Dance 1,8
A0201595H,EHDP,Drama Cast,10
A0201595H,Choir,Member,4
A0201595H,Drama,Member,4
A0201595H,Amplitude,Choir,1
A0201595H,Handball M,Member,1
A0201595H,Road Relay M,Member,0
A0201595H,Table Tennis M,Member,1
A0201595H,Volleyball M,Member,9
A0188089J,Handball F,Member,7
A0188089J,Softball,Vice-Captain,14
A0167134H,Volleyball M,Member,7
A0199511Y,CMC,Member,8
A0199511Y,Choir,Member,7
A0199511Y,MINDS,Member,3
A0199511Y,Elections Comm,Member,4
A0199511Y,Co-Convening,Member (Opening/Closing),9
A0199511Y,Amplitude,Choir,1
A0199511Y,Baketball M,Member,13
A0199511Y,Handball M,Member,7
A0199511Y,Squash M,Member,0
A0190298U,Expeditions,Logistics Head,15
A0190298U,Basketball F,Member,6
A0190298U,Floorball F,Vice-Captain,14
A0190298U,Handball F,Member,2
A0190298U,External CCA,Member,9
A0171679N,EHDP,Dance 9,9
A0171679N,Squash F,Member,11
A0199802U,Green Committee,Member,3
A0199802U,Baketball M,Member,0
A0199802U,Handball M,Member,3
A0199802U,Softball,Member,1
A0199802U,Squash M,Member,11
A0199802U,Table Tennis M,Member,1
A0202974A,RAG Comm,Floats,8
A0202974A,EHDP,Dance 8,7
A0202974A,Expeditions,Member,13
A0202974A,EusoffWorks,Photo Member,10
A0202974A,Basketball F,Member,4
A0202974A,Handball F,Member,4
A0202974A,Netball,Member,12
A0202974A,Road relay F,Member,1
A0200018A,HRB,Logistic Member,8
A0200018A,RAG Comm,Floats,8
A0200018A,CMC,Member,4
A0200018A,Expeditions,Member,10
A0200018A,SMC,Member (Programmes),8
A0200018A,Handball M,Member,1
A0200018A,Road Relay M,Member,1
A0200018A,Table Tennis M,Member,0
A0200018A,Volleyball M,Member,1
A0201483N,EHDP,Dance 6,6
A0201483N,Elderly Services,Member,3
A0201483N,Floorball M,Member,4
A0201483N,Squash M,Member,0
A0199653L,SMC,Member (Publications),6
A0199653L,External CCA,Member,3
A0199653L,Floorball M,Member,9
A0199653L,Football M,Member,1
A0201272X,Baketball M,Member,0
A0201272X,Football M,Member,1
A0201272X,Volleyball M,Member,0
A0205730R,HRB,Programmes Member,7
A0205730R,EHDP,Dance 8,9
A0205730R,Expeditions,Member,11
A0205730R,HMC,Member,8
A0205730R,SPT,MEMBER,5
A0205730R,External CCA,Member,10
A0205730R,Floorball F,Member,0
A0205730R,Handball F,Member,1
A0205730R,Netball,Member,1
A0205730R,Swim F,Member,6
A0205730R,Touch Rugby F,Member,1
A0205730R,Volleyball F,Member,0
A0206046N,RAG Dancer,Dancer,4
A0206046N,HPB,Member,6
A0206046N,Acapella,Member,7
A0206046N,EusoffWorks,Video Member,13
A0206046N,SMC,Member (Publicity),8
A0206046N,Team Manager,Member (Floorball),4
A0206046N,Baketball M,Member,1
A0206046N,Floorball M,Member,8
A0206046N,Track M,Member,0
A0206046N,Volleyball M,Member,9
A0206046N,Amplitude,Acapella,1
A0206413U,EHDP,Dance 3,8
A0206413U,Choir,Member,7
A0206413U,EDC,Member,8
A0206413U,Elderly Services,Member,1
A0206413U,MINDS,Project Manager,16
A0206413U,Amplitude,Choir,1
A0206413U,DU,EDC,3
A0206413U,Swim F,Member,6
A0183883N,Track M,Captain,16
A0205984W,HPB,Member,6
A0205984W,EHDP,Marketing,3
A0205984W,CMC,Member,2
A0205984W,HMC,Member,7
A0205984W,EusoffWorks,Archive Member,5
A0205984W,External CCA,Member,7
A0205984W,Basketball F,Member,0
A0205984W,Floorball F,Member,10
A0205984W,Soccer F,Member,0
A0205984W,Softball,Member,1
A0205984W,Squash F,Member,0
A0205984W,Tennis F,Member,0
A0205984W,Table Tennis F,Member,2
A0172574Y,Choir,Member,1
A0172574Y,SMC,Member (Publications),4
A0172574Y,SEP,Choir,1
A0172574Y,SEP,Sports,10
A0172574Y,Dean's List,Member,8
A0172574Y,External CCA,Member,6
A0172574Y,Soccer F,Member,3
A0172574Y,Squash F,Member,4
A0172574Y,Table Tennis F,Member,0
A0188961L,Choir,Choir Head,12
A0188961L,Amplitude,Choir,1
A0188961L,Floorball F,Member,0
A0188961L,Soccer F,Member,1
A0188961L,Touch Rugby F,Member,0
A0187166U,SMC,Head,20
A0187166U,External CCA,Member,10
A0187166U,Road relay F,Member,0
A0187166U,Soccer F,Captain,19
A0187166U,Touch Rugby F,Member,8
A0182966M,Acapella,Head,12
A0182966M,Amplitude,Acapella,1
A0207992U,Finance Committee,Member,5
A0207992U,Co-Convening,Member (First Aid),3
A0207992U,Team Manager,Member (Floorball),7
A0207992U,Frisbee,Member,0
A0207992U,Road relay F,Member,0
A0207992U,Track F,Vice-Captain,14
A0187712Y,RAG Comm,Floats ,7
A0187712Y,EHDP,Production Manager,13
A0187712Y,EHDP,Dance 2,8
A0187712Y,EHDP,Dance 5,7
A0187712Y,EHDP,Dance 8,7
A0187712Y,Drama,Member,8
A0187712Y,EDC,Member,3
A0187712Y,Expeditions,Head,19
A0187712Y,HMC,Member,9
A0187712Y,DU - Kyrene,Member,3
A0187712Y,DU - JunKweh,Member,3
A0182782W,EHDP,Logistics,11
A0182782W,Salvation Army,Member,2
A0182782W,HMC,Member,8
A0182782W,EusoffWorks,Photo Member,12
A0182782W,Frisbee,Member,3
A0182782W,Swim M,Member,0
A0182782W,DU - JunKweh,Member,3
A0212770M,MINDS,Member,1
A0203835J,EusoffWorks,Photo Member,9
A0203835J,Frisbee,Member,9
A0203835J,Netball,Member,1
A0182651E,Salvation Army,Head,7
A0182651E,Salvation Army,Head,3
A0182651E,SEP,Sports,2
A0182651E,Dean's List,Member,8
A0182651E,External CCA,Member,5
A0182651E,Squash M,Captain,12
A0205763E,EHDP,Dance 4,9
A0205763E,EHDP,Dance 7,7
A0205763E,HMC,Member,11
A0205763E,EusoffWorks,Video Member,6
A0205763E,Team Manager,Member (Basketball),7
A0205763E,Swim F,Member,5
A0205763E,Touch Rugby F,Member,4
A0200870R,Elderly Services,Member,1
A0200870R,Frisbee,Member,0
A0200870R,Tennis M,Member,0
A0200870R,Table Tennis M,Member,0
A0183829N,EHOC,Pubs Member,7
A0183829N,EHDP,Publicity Head,14
A0183829N,CMC,Member,10
A0183829N,Drama,Subcomm Head,11
A0183829N,Swim M,Captain,16
A0199582J,Elderly Services,Member,12
A0199582J,Team Manager,Member (Touch Rugby),7
A0199582J,Football M,Member,11
A0199582J,Swim M,Member,1
A0199582J,Takraw,Member,9
A0199582J,Touch Rugby M,Member,2
A0199582J,Track M,Member,8
A0199582J,EHDP,Sounds,4
A0199582J,EHDP,Dance 8,9
A0167746N,EBP,Member,5
A0167746N,Co-Convening,Head,14
A0167746N,Team Manager,Member (Volleyball),10
A0167746N,External CCA,Member,10
A0167746N,Volleyball M,Vice-Captain,16
A0206247J,RAG Dancer,Dancer,5
A0206247J,EHDP,Dance 7,8
A0206247J,CMC,Member,8
A0206247J,Drama,Member,2
A0206247J,EDC,Member,9
A0206247J,HMC,Member,8
A0206247J,SPT,MEMBER,8
A0206247J,Frisbee,Member,12
A0206247J,Tennis M,Member,11
A0172603M,EBP,Member,5
A0172603M,Co-Convening,Head,12
A0172603M,Basketball F,Member,10
A0172603M,Floorball F,Member,8
A0172603M,Handball F,Member,9
A0172603M,Road relay F,Member,6
A0172603M,Soccer F,Member,10
A0172603M,Swim F,Member,1
A0172603M,Table Tennis F,Member,1
A0172603M,Track F,Member,3
A0172603M,Track F,Member,0
A0164641H,Acapella,Member,8
A0164641H,Choir,Section Head,12
A0164641H,EusoffWorks,Video Member,7
A0164641H,Amplitude,Choir,1
A0164641H,Amplitude,Acapella,1
A0208589M,Road relay F,Member,1
A0184512J,RAG Comm,Floats Head,15
A0184512J,EHDP,Dance 8,9
A0184512J,Choir,Member,8
A0184512J,Amplitude,Choir,1
A0184512J,Swim F,Member,0
A0184512J,Volleyball F,Member,0
A0184512J,EHDP,Sets,11
A0190673Y,Frisbee,Member,10
A0187424Y,RAG Comm,Floats ,3
A0187424Y,SPT,SC HEAD,11
A0187424Y,SMC,Subcomm Head (Publicity),10
A0204084N,HRB,Publicity Member,11
A0204084N,RAG Comm,Floater ,7
A0204084N,EHDP,Sets,7
A0204084N,HMC,Member,10
A0204084N,EusoffWorks,Video Member,10
A0204084N,External CCA,Member,10
A0204084N,Floorball F,Member,0
A0204084N,Soccer F,Member,10
A0189912R,EHDP,Logistics Head,13
A0189912R,Acapella,Member,7
A0189912R,Band,Member,8
A0189912R,EDC,Member,1
A0189912R,DU - JunKweh,Member,3
A0189912R,Touch Rugby M,Member,10
A0189912R,Amplitude,Acapella,1
A0189912R,Summer,Band,3
A0187350A,EusoffWorks,Video Head,16
A0187350A,Summer,EW,2
A0187350A,EHDP,Dance 3,9
A0187350A,EHDP,Choreo,14
A0205355L,EHDP,Dance 7,6
A0205355L,Handball F,Member,3
A0205355L,Netball,Member,1
A0205355L,Volleyball F,Member,5
A0183555X,Green Committee,Member,4
A0183555X,SMC,Member (Publications),6
A0183555X,Floorball M,Member,11
A0183555X,Softball,Member,8
A0183555X,Volleyball M,Member,10
A0206183L,Badminton M,Member,9
A0206349A,HRB,Logistic Member,8
A0206349A,EHDP,Sets,13
A0206349A,EusoffWorks,Video Member,8
A0206349A,SMC,Member (Programmes),8
A0206349A,Handball F,Member,2
A0206349A,Softball,Member,4
A0206349A,Volleyball F,Member,11
A0206106W,EHDP,Logistics,7
A0206106W,EHDP,Dance 7,10
A0206106W,Band,Member,7
A0206106W,Choir,Member,1
A0206106W,EusoffWorks,Photo Member,15
A0206106W,Floorball M,Member,12
A0206106W,Football M,Member,0
A0206106W,Tennis M,Member,0
A0200878B,Elderly Services,Member,8
A0200878B,Elections Comm,Member,4
A0200878B,Football M,Member,2
A0188775E,Handball M,Captain,19
A0188775E,Swim M,Member,0
A0188775E,Squash M,Vice-Captain,14
A0188775E,External CCA,Member,7
A0188796Y,HRB,Treasurer,8
A0188796Y,FLAG Comm,Vice Project Director,9
A0188796Y,Choir,Member,1
A0188796Y,Elderly Services,Treasurer,8
A0188796Y,Softball,Member,2
A0203565J,EHDP,Dance 9,7
A0203565J,RAG Dancer,Dancer,5
A0203565J,Expeditions,Member,11
A0203565J,HMC,Member,9
A0203565J,EusoffWorks,Video Member,14
A0203565J,Basketball F,Member,1
A0203565J,Floorball F,Member,12
A0203565J,Handball F,Member,2
A0203565J,Soccer F,Member,1
A0201256U,EHDP,Dance 4,2
A0201256U,Band,Band Leader,9
A0201256U,Gym Committee,Member,3
A0201256U,Handball M,Member,0
A0201256U,Swim M,Member,1
A0201256U,Squash M,Member,2
A0201256U,Touch Rugby M,Member,0
A0201256U,Drama,Member,4
A0201256U,CHEC,Band,3
A0203682J,EHDP,Dance 7,6
A0203682J,Elections Comm,Member,4
A0203682J,SMC,Member (Logistics),6
A0203682J,External CCA,Member,10
A0203682J,Table Tennis F,Member,9
A0203682J,Track F,Member,10
A0203682J,Volleyball F,Member,9
A0168194U,SPT,SC HEAD,13
A0168194U,Floorball M,Member,10
A0168194U,Football M,Member,10
A0168194U,Takraw,Member,10
A0200722Y,EHDP,Dance 3,6
A0200722Y,EusoffWorks,Video Member,7
A0189211H,HRB,Logistic Head,15
A0189211H,RAG Comm,Treasurer ,15
A0189211H,SPT,MEMBER,8
A0189211H,SMC,Exco (Treasurer),17
A0189211H,Co-Convening,Member (First Aid),10
A0189211H,Basketball F,Member,4
A0189211H,Handball F,Member,5
A0189211H,Touch Rugby F,Member,3
A0188580R,EBP,Member,5
A0188580R,Co-Convening,Member (First Aid),2
A0188580R,Basketball F,Member,2
A0188580R,Handball F,Member,2
A0188580R,Netball,Member,7
A0188580R,Swim F,Member,0
A0188580R,Touch Rugby F,Member,1
A0188580R,Volleyball F,Member,0
A0101886A,Hackers,Member (Sem 2),8
A0101886A,External CCA,Member,3
A0101886A,Handball M,Member,12
A0171752E,Volleyball F,Member,12
A0201440A,EHDP,Publicity,9
A0201440A,EHDP,Dance 1,7
A0201440A,MINDS,Treasurer,10
A0201440A,EusoffWorks,Photo Member,10
A0201440A,Handball M,Member,0
A0201440A,Softball,Member,10
A0201440A,Swim M,Member,11
A0201440A,Squash M,Member,3
A0201440A,Tennis M,Member,0
A0204929Y,MINDS,Member,4
A0204929Y,EusoffWorks,Video Member,14
A0204929Y,Co-Convening,Member (First Aid),4
A0204929Y,Handball F,Member,1
A0204929Y,Volleyball F,Member,3
A0167680W,Baketball M,Member,11
A0188882H,EHDP,Dance 5,7
A0188882H,Salvation Army,Member,7
A0188882H,EusoffWorks,CRO,14
A0188882H,Swim F,Captain,17
A0188882H,Tennis F,Member,0
A0203866B,Table Tennis F,Member,8
A0167657M,SEP,Sports,2
A0167657M,Road Relay M,Member,4
A0167657M,Track M,Member,4
A0199695Y,HPB,Member,6
A0199695Y,EHDP,Logistics,7
A0199695Y,CMC,Member,8
A0199695Y,MINDS,Project Manager,10
A0199695Y,HMC,Member,9
A0199695Y,Team Manager,Member (Handball),7
A0199695Y,Handball M,Member,1
A0199695Y,Volleyball M,Member,0
A0199695Y,EHDP,Dance 1,6
A0188850R,Expeditions,Fundraising Head,16
A0188850R,EusoffWorks,Photo Head,15
A0188850R,Summer,EW,1
A0188850R,Floorball F,Member,0
A0188850R,Soccer F,Member,6
A0188850R,Softball,Member,11
A0188850R,Touch Rugby F,Member,10
A0188850R,Table Tennis F,Member,1
A0188850R,Volleyball F,Member,0
A0192213N,HRB,Programmes Head,12
A0192213N,Band,Member,7
A0192213N,External CCA,Member,9
A0192213N,Touch Rugby F,Captain,17
A0205091R,Acapella,Member,7
A0205091R,Band,Member,7
A0205091R,Choir,Member,6
A0205091R,SMC,Member (Programmes),8
A0205091R,Amplitude,Choir,1
A0205091R,Basketball F,Member,0
A0205091R,Floorball F,Member,0
A0205091R,Handball F,Member,1
A0205091R,Softball,Member,9
A0205091R,Volleyball F,Member,1
A0205091R,Amplitude,Acapella,1
A0189227U,EusoffWorks,Secretary/Treasurer,12
A0189227U,Squash F,Captain,11
A0172097Y,Green Committee,Member,4
A0172097Y,MINDS,Member,1
A0172097Y,SMC,Exco (Secretary),16
A0172097Y,Co-Convening,Member (First Aid),3
A0172097Y,Floorball F,Member,11
A0172097Y,Handball F,Member,9
A0172097Y,Netball,Member,11
A0204372N,EHDP,Dance 6,10
A0204372N,EHDP,Dance 8,9
A0204372N,Choir,Member,6
A0204372N,EDC,Member,3
A0204372N,Audits,Member,5
A0204372N,Co-Convening,Member (Opening/Closing),10
A0204372N,Amplitude,Choir,1
A0204372N,DU,EDC,3
A0204372N,Netball,Member,4
A0204372N,Volleyball F,Member,2
A0204372N,DU - JunKweh,Member,3
A0202399B,Green Committee,Member,3
A0203016B,RAG Dancer,Dancer,3
A0203016B,Team Manager,Member (Badminton),9
A0203016B,Badminton F,Member,4
A0203016B,Handball F,Member,0
A0203016B,Road relay F,Member,1
A0203016B,Volleyball F,Member,1
A0190057H,Frisbee,Member,11
A0190057H,Road Relay M,Member,1
A0166752X,Drama,Member,5
A0166752X,SEP,CMC,4
A0166752X,SEP,Drama,5
A0166752X,EHOC,Logs Member,10
A0166752X,CMC,Member,4
A0166752X,SEP,Sports,9
A0166752X,Floorball M,Member,2
A0166752X,Football M,Member,3
A0166752X,Takraw,Member,0
A0166752X,Touch Rugby M,Member,3
A0166752X,Track M,Member,1
A0177872M,Band,Member,7
A0177872M,Choir,Section Head,12
A0177872M,Elderly Services,Member,4
A0177872M,Amplitude,Choir,1
A0177872M,Table Tennis M,Member,1
A0187259M,Audits,Head,7
A0187259M,Frisbee,Member,1
A0187259M,Netball,Member,2
A0187259M,Touch Rugby F,Member,0
A0188670R,Hackers,Member,9
A0188670R,EHDP,Sets Head 1,13
A0188670R,EusoffWorks,Photo Head,15
A0188670R,Summer,EW,1
A0188670R,Volleyball M,Member,6
A0173284B,Band,Member,6
A0173284B,SPT,HEAD,13
A0173284B,Touch Rugby M,Member,3
A0173284B,Summer,Band,3
A0206398W,Table Tennis M,Member,1
A0166932X,SEP,Sports,1
A0166932X,Handball M,Member,0
A0166932X,Softball,Member,1
A0208235L,Volleyball F,Member,1
A0205905J,EHDP,Fund-raising,8
A0205905J,Elderly Services,Member,1
A0205905J,Finance Committee,Member,6
A0205905J,Handball F,Member,11
A0205905J,Volleyball F,Member,3
A0204356L,EHDP,Publicity,10
A0204356L,EHDP,Dance 8,7
A0204356L,CMC,Member,5
A0204356L,HMC,Member,9
A0204356L,SMC,Member (Publications),7
A0204356L,Softball,Member,1
A0204356L,Volleyball F,Member,1
A0202076R,Elderly Services,Project Manager,5
A0202076R,Baketball M,Member,0
A0202076R,Swim M,Member,0
A0168168R,External CCA,Member,10
A0168168R,RAG Comm,Floats,8
A0168168R,CMC,Subcomm Head (Logistics),13
A0168168R,Elderly Services,Member,11
A0168168R,MINDS,Member,2
A0168168R,HMC,Member,6
A0168168R,EusoffWorks,Video Member,7
A0168168R,Handball M,Member,13
A0168168R,Swim M,Member,7
A0182862X,Hackers,Exco,13
A0182862X,Green Committee,Member,4
A0182862X,EusoffWorks,IT Member,3
A0182862X,Dean's List,Member,8
A0182862X,Frisbee,Member,2
A0182862X,Floorball M,Member,8
A0182862X,Swim M,Member,0
A0182862X,Track M,Member,0
A0189416U,Swim F,Member,5
A0204261W,EHDP,Marketing,6
A0204261W,EHDP,Dance 6,7
A0204261W,Co-Convening,Member (First Aid),4
A0204261W,Team Manager,Member (Frisbee),7
A0204261W,Floorball F,Member,0
A0204261W,Handball F,Member,0
A0204261W,Squash F,Member,9
A0204261W,Tennis F,Member,11
A0204261W,Table Tennis F,Member,0
A0204261W,Track F,Member,0
A0204261W,Volleyball F,Member,2
A0200846L,Green Committee,Member,3
A0200846L,External CCA,Member,3
A0200846L,Floorball M,Member,0
A0200846L,Tennis M,Vice-Captain,10
A0199481M,EHDP,Dance 5,7
A0199481M,Football M,Member,7
A0199481M,Softball,Member,6
A0203309R,Amplitude,Acapella,1
A0203309R,Acapella,Member,8
A0203309R,Floorball F,Member,11
A0189713U,MINDS,Member,5
A0189713U,EusoffWorks,Photo Member,10
A0189713U,Badminton F,Vice-Captain,14
A0189713U,Basketball F,Member,8
A0189713U,Table Tennis F,Member,8
A0168303J,EHDP,Choreo,17
A0168303J,EHDP,Dance 9,7
A0168303J,CMC,Member,4
A0168303J,EDC,Member,6
A0168303J,DU,EDC,3
A0168303J,DU - JunKweh,Choreographer,7
A0168303J,DU - Kyrene,Member,3
A0168303J,Touch Rugby M,Member,9
A0183211U,Salvation Army,Member ,4
A0183211U,MINDS,Member,1
A0183211U,EusoffWorks,Photo Member,9
A0183211U,External CCA,Member,9
A0183211U,Frisbee,Member,10
A0183211U,Handball M,Member,9
A0183211U,Road Relay M,Member,1
A0183211U,Swim M,Member,1
A0183211U,Track M,Member,1
A0203151B,RAG Dancer,Dancer,4
A0203151B,EHDP,Ensemble,6
A0203151B,EHDP,Dance 7,7
A0203151B,SPT,MEMBER,8
A0203151B,SMC,Member (Logistics),6
A0203151B,Team Manager,Member (Swim),7
A0203151B,Badminton F,Member,13
A0203151B,Touch Rugby F,Member,12
A0203502B,RAG Comm,floats,7
A0203502B,EusoffWorks,Photo Member,8
A0203502B,SMC,Member (Publications),8
A0203502B,Badminton F,Member,11
A0203502B,Squash F,Member,3
A0203502B,Volleyball F,Member,0
A0203502B,EHDP,Dance 9,8
A0203502B,DU - JunKweh,Member,3
A0203231A,EHDP,Sounds,4
A0203231A,EHDP,Dance 1,9
A0203231A,Co-Convening,Member (First Aid),6
A0203231A,Floorball F,Member,5
A0203231A,Handball F,Member,2
A0203231A,Table Tennis F,Member,0
A0203231A,Volleyball F,Member,1
A0201876A,RAG Dancer,Dancer,4
A0201876A,EHDP,Dance 8,7
A0201876A,Band,Band Leader,10
A0201876A,EDC,Member,8
A0201876A,EusoffWorks,Audio Member,7
A0201876A,DU,EDC,3
A0201876A,Frisbee,Member,0
A0201876A,Swim M,Member,3
A0201876A,CHEC,Band,3
A0205503W,EHDP,Dance 9,7
A0205503W,HMC,Member,6
A0205503W,EusoffWorks,Audio Member,8
A0205503W,Basketball F,Member,0
A0205503W,Soccer F,Member,0
A0205503W,Softball,Member,0
A0205503W,Squash F,Member,0
A0205380N,EHDP,Dance 8,9
A0205380N,Expeditions,Member,11
A0205380N,Finance Committee,Member,6
A0205380N,Co-Convening,Member (First Aid),10
A0205380N,Floorball F,Member,4
A0205380N,Handball F,Member,1
A0205380N,Road relay F,Member,8
A0201916M,EHDP,Fund-raising,8
A0201916M,EusoffWorks,Video Member,8
A0201916M,Frisbee,Member,2
A0201916M,Softball,Member,1
A0200506Y,Elderly Services,Member,5
A0200506Y,Co-Convening,Member (First Aid),5
A0200506Y,Baketball M,Member,4
A0200506Y,Softball,Member,0
A0200506Y,Volleyball M,Member,1
A0203175N,HPB,Exco,10
A0203175N,EHDP,Dance 1,9
A0203175N,CMC,Member,8
A0203175N,Floorball F,Member,4
A0203175N,Softball,Member,1
A0203813R,Handball F,Member,0
A0173313N,Badminton F,Member,6
A0183339X,EHDP,Fund-raising,7
A0183339X,Baketball M,Vice-Captain,17
A0183339X,Softball,Member,14
A0203888U,RAG Comm,Floats,7
A0203888U,EHDP,Dance 8,11
A0203888U,CMC,Member,5
A0203888U,HMC,Member,6
A0203888U,SPT,BASHIE,2
A0203888U,EusoffWorks,Photo Member,8
A0203888U,Badminton F,Member,5
A0203888U,Basketball F,Member,1
A0203888U,Handball F,Member,1
A0203888U,Table Tennis F,Member,6
A0199735J,Amplitude,Acapella,1
A0199735J,Acapella,Member,7
A0199735J,RAG Comm,Costumes,11
A0199735J,HMC,Member,9
A0199735J,Team Manager,Member (Swim),9
A0199735J,Takraw,Member,1
A0199735J,Volleyball M,Member,5
A0199735J,EHDP,Fund-raising,8
A0199735J,EHDP,Dance 1,7
A0199735J,EHDP,Dance 4,8
A0199735J,Choir,Member,3
A0199735J,EDC,Member,3
A0199735J,Amplitude,Choir,1
A0199735J,DU,EDC,3
A0188388E,FLAG Comm,Logistics Head,7
A0188388E,SPT,SC HEAD,11
A0188388E,SMC,Subcomm Head (Publicity),10
A0188388E,DU - JunKweh,Member,1
A0191120X,HRB,Head,17
A0191120X,SMC,Member (Logistics),10
A0191120X,Basketball F,Member,9
A0191120X,Handball F,Vice-Captain,12
A0191120X,Volleyball F,Member,9
A0203353U,EHDP,Marketing,7
A0203353U,EHDP,Dance 3,8
A0203353U,EHDP,Dance 6,6
A0203353U,MINDS,Member,11
A0203353U,EusoffWorks,Video Member,8
A0203353U,Floorball F,Member,4
A0203353U,Handball F,Member,0
A0203353U,Soccer F,Member,0
A0203353U,Table Tennis F,Member,12
A0199085M,Green Committee,Member,4
A0199085M,Baketball M,Member,11
A0199085M,Football M,Member,0
A0199085M,Tennis M,Member,0
A0206168E,Baketball M,Member,11
A0206168E,Handball M,Member,7
A0206168E,Softball,Member,3
A0172888J,EDC,Member,4
A0172888J,DU,EDC,3
A0172888J,DU - Kyrene,Member,3
A0172888J,SEP,Sports,1
A0172888J,External CCA,Member,3
A0172888J,Touch Rugby F,Member,4
A0192404L,Audits,Member,4
A0192404L,Touch Rugby M,Captain,17
A0188096M,Expeditions,Publications Head,16
A0188096M,Co-Convening,Member (First Aid),6
A0188096M,Basketball F,Member,2
A0188096M,Handball F,Member,9
A0188096M,Netball,Captain,17
A0188096M,Soccer F,Member,9
A0188096M,Softball,Member,1
A0188096M,Swim F,Member,0
A0188096M,Touch Rugby F,Member,4
A0183678L,Choir,Member,1
A0183678L,Elderly Services,Member,6
A0183678L,Floorball M,Vice-Captain,15
A0183678L,Handball M,Member,0
A0183678L,Road Relay M,Member,9
A0183678L,Track M,Member,1
A0204184M,EHDP,Choreo,14
A0204184M,EHDP,Dance 3,8
A0204184M,EHDP,Dance 7,9
A0204184M,EDC,Member,7
A0204184M,SPT,MEMBER,8
A0204184M,DU,EDC,3
A0204184M,Volleyball F,Member,10
A0188733R,EHOC,Marketing Member,1
A0188762M,FLAG Comm,Project Director,14
A0188762M,EBP,Member,5
A0188762M,Co-Convening,Subcomm Head (First Aid),9
A0188762M,External CCA,Member,10
A0188762M,Basketball F,Member,11
A0188762M,Floorball F,Member,8
A0188762M,Handball F,Member,0
A0188762M,Soccer F,Member,7
A0188762M,Softball,Member,0
A0188762M,Table Tennis F,Member,1
A0201896Y,CMC,Member,2
A0201896Y,Band,Member,2
A0205797R,EHDP,Fund-raising,7
A0205797R,EHDP,Dance 6,9
A0205797R,EHDP,Dance 8,9
A0205797R,Team Manager,Member (Table Tennis),7
A0205797R,Basketball F,Member,6
A0205797R,Squash F,Member,1
A0205797R,Volleyball F,Member,1
A0164724A,CMC,Subcomm Head (Logistics),8
A0164724A,Drama,Member,4
A0164724A,Salvation Army,Member,4
A0164724A,SPT,SC HEAD,7
A0164724A,SMC,Exco (Facilities Management),16
A0164724A,SEP,SPT SC HEAD,5
A0164724A,SEP,CMC,6
A0164724A,SEP,Drama,4
A0164724A,SEP,Sports,4
A0164724A,Dean's List,Member,8
A0164724A,Baketball M,Member,3
A0199364M,Frisbee,Member,11
A0199364M,Handball M,Member,0
A0199364M,Takraw,Member,10
A0183165A,RAG Comm,Vice Project Director ,19
A0183165A,Football M,Vice-Captain,15
A0183165A,Takraw,Member,6
A0205170W,HPB,Member,6
A0205170W,EHDP,Dance 8,8
A0205170W,Salvation Army,Member,6
A0205170W,EusoffWorks,Video Member,7
A0205170W,Frisbee,Member,1
A0205170W,Road relay F,Vice-Captain,15
A0205170W,Track F,Member,2
A0205170W,Volleyball F,Member,0
A0188704W,Squash F,Member,2
A0188704W,Tennis F,Member,8
A0204265M,EHDP,Dance 4,9
A0204265M,Elderly Services,Project Manager,7
A0204265M,Co-Convening,Member (First Aid),4
A0204265M,Team Manager,Member (Basketball),9
A0182346A,EusoffWorks,Logs Head,15
A0182346A,SMC,Subcomm Head (Publications),12
A0182346A,Summer,EW,2
A0182346A,Volleyball M,Member,13
A0171435J,Dean's List,Member,8
A0171435J,Road relay F,Member,7
A0171435J,Soccer F,Member,9
A0171435J,Touch Rugby F,Member,11
A0171435J,Track F,Member,3
A0167891M,EBP,Member,5
A0200175W,EHDP,Dance 1,8
A0200175W,Choir,Member,3
A0200175W,EusoffWorks,Audio Member,3
A0200175W,Co-Convening,Member (Opening/Closing),8
A0200175W,Amplitude,Choir,1
A0200175W,Frisbee,Member,0
A0200175W,Touch Rugby M,Member,3
A0200175W,Volleyball M,Member,12
A0204162W,EHDP,Dance 2,10
A0204162W,HMC,Member,7
A0204162W,Basketball F,Member,0
A0204162W,Floorball F,Member,3
A0204162W,Handball F,Member,1
A0204162W,Soccer F,Member,11
A0204162W,Softball,Member,1
A0204162W,Drama,Member,6
A0203399Y,Basketball F,Member,0
A0203399Y,Frisbee,Member,0
A0203399Y,Netball,Member,0
A0203399Y,Touch Rugby F,Member,1
A0203399Y,Volleyball F,Member,1
A0203032E,Hackers,Member (Sem 2),7
A0182856R,Baketball M,Captain,14
A0201723W,HRB,Programmes Member,8
A0201723W,RAG Comm,Floats,8
A0201723W,EHDP,Dance 1,7
A0201723W,Elderly Services,Member,4
A0201723W,Green Committee,Member,4
A0201723W,HMC,Member,9
A0201723W,SPT,MEMBER,9
A0201723W,Baketball M,Member,10
A0201723W,Handball M,Member,9
A0201723W,Touch Rugby M,Member,0
A0201723W,Track M,Member,0
A0203281U,RAG Comm,Floats,7
A0203281U,EHDP,Lights,5
A0203281U,EHDP,Dance 6,7
A0203281U,HMC,Member,6
A0203281U,External CCA,Member,10
A0203281U,Road relay F,Captain,15
A0203281U,Tennis F,Member,13
A0203132A,EHDP,Dance 8,6
A0203132A,SMC,Member (Publications),9
A0203132A,Badminton F,Member,5
A0203132A,Handball F,Member,0
A0203132A,Road relay F,Member,3
A0203132A,Soccer F,Member,12
A0203132A,Touch Rugby F,Member,10
A0203132A,Table Tennis F,Member,1
A0203132A,Track F,Member,11
A0203132A,EHDP,Sets,8
A0203438L,Hackers,Member (Sem 2),5
A0203438L,EusoffWorks,Audio Member,3
A0203438L,Tennis F,Member,14
A0203438L,Table Tennis F,Member,1
A0199407R,Frisbee,Member,9
A0199407R,Softball,Member,2
A0199407R,Track M,Member,0
A0199526M,Frisbee,Member,1
A0199526M,Squash M,Member,8
A0187316Y,Acapella,Member,7
A0187316Y,Amplitude,Acapella,1
A0187316Y,Floorball M,Member,10
A0201686E,Expeditions,Member,12
A0201686E,HMC,Member,9
A0201686E,SPT,MEMBER,8
A0201686E,Frisbee,Member,3
A0201686E,Table Tennis M,Member,12
A0182720L,Choir,Section Head,11
A0182720L,Expeditions,Training & Development Head,16
A0182720L,EusoffWorks,Photo Member,6
A0182720L,Amplitude,Choir,1
A0182720L,External CCA,Member,10
A0182720L,Takraw,Member,0
A0182720L,Table Tennis M,Captain,15
A0188618M,RAG Comm,Publicity Head ,8
A0188618M,EHDP,Ensemble,4
A0188618M,EHDP,Dance 2,9
A0188618M,EHDP,Dance 4,3
A0188618M,Drama,Member (+ Publicity),10
A0188618M,SPT,SC HEAD,11
A0188618M,DU - JunKweh,Member,2
A0204556H,SMC,Member (Programmes),9
A0204556H,External CCA,Member,6
A0204556H,Basketball F,Member,2
A0204556H,Handball F,Member,2
A0204556H,Netball,Member,9
A0204556H,Squash F,Member,0
A0203140E,EHDP,Dance 4,7
A0203140E,CMC,Member,4
A0203140E,EusoffWorks,Video Member,14
A0203140E,Frisbee,Member,0
A0203140E,Handball F,Member,1
A0203140E,Touch Rugby F,Member,13
A0203140E,Table Tennis F,Member,0
A0203140E,Track F,Member,0
A0203140E,EHDP,Sets,8
A0199503X,HRB,Marketing Member,6
A0199503X,EusoffWorks,Archive Member,6
A0199503X,Squash M,Member,9
A0199503X,Tennis M,Member,9
A0199503X,Table Tennis M,Member,8
A0190164J,RAG Comm,floater ,11
A0190164J,HPB,Exco,9
A0190164J,HMC,Member,8
A0190164J,EusoffWorks,Photo Member,13
A0190164J,SMC,Member (Publicity),9
A0190164J,Frisbee,Member,2
A0190164J,Handball M,Member,3
A0190164J,Squash M,Member,10
A0190164J,Track M,Member,0
A0190164J,EHDP,Sets,7
A0167920B,Touch Rugby M,Member,8
A0204414W,EHDP,Sets,8
A0204414W,RAG Comm,Floater,10
A0204414W,Expeditions,Member,11
A0204414W,Team Manager,Member (Takraw),7
A0204414W,Netball,Member,0
A0204414W,Road relay F,Member,3
A0204414W,Track F,Member,12
A0204414W,EHDP,Dance 5,7
A0202724R,RAG Dancer,Dance,6
A0202724R,EHDP,Dance 2,11
A0202724R,EHDP,Dance 5,10
A0202724R,Salvation Army,Member,6
A0202724R,HMC,Member,10
A0202724R,EusoffWorks,Photo Member,10
A0202724R,Co-Convening,Member (First Aid),8
A0202724R,Team Manager,Member (Tennis),7
A0200132J,Hackers,Member (replace chok),9
A0200132J,Finance Committee,Member,6
A0200132J,Floorball M,Member,10
A0200132J,Road Relay M,Member,1
A0200132J,Table Tennis M,Member,1
A0203131E,MINDS,Member,11
A0203131E,Finance Committee,Member,6
A0203131E,HMC,Member,10
A0203131E,EusoffWorks,Photo Member,14
A0203131E,SMC,Member (Publications),8
A0203131E,Floorball F,Member,0
A0203131E,Swim F,Member,13
A0203918E,EHDP,Dance 1,7
A0203918E,EHDP,Dance 9,7
A0203918E,SPT,MEMBER,9
A0203918E,EusoffWorks,Photo Member,9
A0203918E,Team Manager,Member (Squash),7
A0203918E,Soccer F,Member,2
A0203918E,Squash F,Member,1
A0203918E,DU - Kyrene,Member,3
A0188921U,Floorball F,Member,8
A0188921U,Tennis F,Captain,14
A0188773J,HRB,Publicity Head,15
A0188773J,Co-Convening,Member (First Aid),6
A0188773J,External CCA,Member,8
A0188773J,Floorball F,Member,10
A0183828R,RAG Comm,Costumes,12
A0183828R,EHDP,Dance 9,9
A0183828R,Floorball M,Member,10
A0183828R,Volleyball M,Member,11
A0167400N,Handball M,Member,1
A0167400N,Tennis M,Member,4
A0164813E,EHOC,VPD,17
A0164813E,DU - Kyrene,Member,3
A0182830H,Tennis M,Member,3
A0199774A,CMC,Member,2
A0199774A,External CCA,Member,3
A0199774A,Handball M,Member,0
A0199774A,Swim M,Member,11
A0188973E,HRB,ViceMemberHead,10
A0188973E,Elderly Services,Member,3
A0188973E,External CCA,Member,9
A0188973E,Basketball F,Vice-Captain,11
A0188973E,Handball F,Member,9
A0188973E,Swim F,Member,1
A0205738B,EHDP,Dance 1,9
A0205738B,EHDP,Dance 3,7
A0205738B,Choir,Member,4
A0205738B,Amplitude,Choir,1
A0205738B,DU - JunKweh,Member,3
A0205738B,Floorball F,Member,2
A0205738B,Soccer F,Member,0
A0205738B,Swim F,Member,6
A0187960N,Expeditions,Fundraising Head,16
A0187960N,EusoffWorks,Photo Member,5
A0187960N,Badminton F,Member,1
A0187960N,Squash F,Member,2
A0187960N,Tennis F,Member,10
A0203956B,EHDP,Dance 5,9
A0203956B,SMC,Member (Programmes),11
A0203956B,Badminton F,Member,6
A0203956B,Squash F,Vice-Captain,15
A0203956B,Volleyball F,Member,0
A0188606U,HPB,Head,15
A0188606U,EHDP,Fund-raising,8
A0188606U,EHDP,Dance 3,9
A0188606U,HMC,Member,9
A0188606U,Softball,Member,3
A0205097E,MINDS,Member,3
A0205097E,Football M,Member,13
A0205097E,Takraw,Member,1
A0205097E,Tennis M,Member,0
A0205097E,External CCA,Member,4
A0182756U,Swim M,Member,0
A0182756U,Track M,Member,0
A0172214R,EDC,Member,4
A0172214R,DU,EDC,3
A0172214R,DU - Kyrene,Member,3
A0205708H,HPB,Member,9
A0205708H,EHDP,Dance 1,10
A0205708H,Frisbee,Vice-Captain,18
A0205708H,DU - JunKweh,Member,3
A0205708H,External CCA,Member,6
A0182657U,Softball,Captain,14
A0200193W,EHDP,Dance 3,8
A0200193W,CMC,Member,10
A0200193W,EDC,Member,7
A0200193W,SPT,MEMBER,8
A0200193W,DU,EDC,3
A0200193W,Handball M,Member,0
A0200193W,Football M,Member,0
A0200193W,Softball,Member,3
A0200193W,Squash M,Member,1
A0200193W,Takraw,Member,0
A0200193W,Table Tennis M,Member,0
A0200193W,Volleyball M,Member,0
A0200193W,Floorball M,Member,1
A0199894X,Finance Committee,Member,7
A0199894X,Audits,Member,5
A0199894X,Football M,Member,10
A0199894X,Takraw,Member,8
A0199894X,Table Tennis M,Member,9
A0199894X,Volleyball M,Member,0
A0201715U,Badminton M,Member,1
A0201715U,Baketball M,Member,0
A0201715U,Handball M,Member,0
A0201715U,Squash M,Member,0
A0200830Y,MINDS,Member,1
A0200830Y,Frisbee,Member,1
A0200830Y,Volleyball M,Member,0
A0200830Y,EHDP,Fund-raising,6
A0188386J,Volleyball F,Member,6
A0172380J,SEP,Sports,3
A0172380J,Basketball F,Member,5
A0172380J,Handball F,Member,5
A0172380J,Soccer F,Member,6
A0172380J,Touch Rugby F,Member,6
A0204300H,Floorball M,Member,0
A0204300H,Road Relay M,Member,9
A0204300H,Football M,Member,11
A0204300H,Takraw,Member,11
A0204300H,Tennis M,Member,0
A0204300H,Track M,Member,11
A0204300H,Volleyball M,Member,0
A0204300H,External CCA,Member,10
A0205566A,RAG Comm,Floater,6
A0205566A,Choir,Member,4
A0205566A,Audits,Member,5
A0205566A,EusoffWorks,Design Member,5
A0205566A,SMC,Member (Publicity),11
A0205566A,Amplitude,Choir,1
A0205566A,Basketball F,Member,2
A0205566A,Handball F,Member,1
A0205566A,Netball,Member,10
A0205566A,Volleyball F,Member,1
A0201444W,MINDS,Member,8
A0201444W,Co-Convening,Member (First Aid),5
A0201444W,Handball M,Member,2
A0201444W,Squash M,Member,12
A0201444W,Table Tennis M,Member,1
A0201444W,External CCA,Member,7
A0172126M,EBP,Member,5
A0172126M,SMC,Subcomm Head (Sponsorship),14
A0172126M,Co-Convening,Subcomm Head (Opening/Closing),9
A0172126M,Basketball F,Member,11
A0172126M,Handball F,Captain,14
A0172126M,Netball,Member,10
A0172126M,Road relay F,Member,4
A0199886W,EHDP,Sets,7
A0199886W,EHDP,Dance 3,10
A0199886W,EusoffWorks,Photo Member,15
A0199886W,SMC,Member (Publicity),11
A0199886W,Frisbee,Member,12
A0199886W,Swim M,Member,10
A0182400W,Baketball M,Member,10
A0187240H,Hackers,Member,11
A0187240H,EHDP,Dance 5,6
A0187240H,EDC,Member,4
A0187240H,Salvation Army,Member,4
A0187240H,Dean's List,Member,8
A0187240H,Swim M,Member,1
A0187240H,Track M,Member,0
A0190130X,MINDS,Member,1
A0190130X,External CCA,Member,3
A0190130X,Floorball M,Captain,13
A0200630A,Swim M,Member,0
A0200630A,Table Tennis M,Member,0
A0200630A,Volleyball M,Member,1
A0183343H,Floorball M,Member,9
A0188399B,CMC,Member,9
A0188399B,EHDP,Choreo,16
A0188399B,EHDP,Dance 2,12
A0188399B,EHDP,Dance 5,10
A0188399B,EDC,Member,5
A0189031H,HMC,Member,6
A0189031H,SEP ,HMC Member,6
A0189031H,SEP,Sports,1
A0189031H,Basketball F,Member,0
A0189031H,Handball F,Member,1
A0189031H,Netball,Member,0
A0189031H,Track F,Member,0
A0211897W,SMC,Member (Programmes),4
A0211897W,Basketball F,Member,0
A0211897W,Netball,Member,5
A0201959Y,SMC,Member (Publications),7
A0201959Y,Football M,Member,0
A0201959Y,Touch Rugby M,Member,4
A0201959Y,External CCA,Member,3
A0203399Y,EHDP,Dance 7,8
A0203399Y,EHDP,Dance 5,7
A0207907B,EusoffWorks,Photo Member,5
A0207907B,Road relay F,Member,7
A0207907B,Swim F,Member,11
A0207907B,EHDP,Dance 4,7
A0201307Y,RAG Comm,Floater,7
A0201307Y,EHDP,Choreo,14
A0201307Y,EHDP,Dance 3,6
A0201307Y,CMC,Member,5
A0201307Y,EDC,Member,8
A0201307Y,Salvation Army,Member,5
A0201307Y,HMC,Member,9
A0201307Y,EusoffWorks,Logs Head,15
A0201307Y,DU,EDC,3
A0201307Y,External CCA,Member,10
A0201307Y,Swim F,Member,0
A0201796B,MINDS,Member,1
A0201796B,SPT,MEMBER,8
A0201796B,EusoffWorks,Photo Member,5
A0201796B,External CCA,Member,4
A0201796B,Football M,Member,10
A0201796B,Takraw,Member,11
A0166906W,Football M,Member,11
A0166906W,Takraw,Member,13
A0166906W,Touch Rugby M,Member,6
A0166906W,Volleyball M,Member,12
A0203605U,RAG Dancer,Dancer,5
A0203605U,EHDP,Dance 2,7
A0203605U,EHDP,Dance 3,5
A0203605U,Basketball F,Member,1
A0203605U,Handball F,Member,2
A0203605U,Netball,Member,0
A0203605U,Volleyball F,Vice-Captain,15
A0189356M,EHDP,Dance 2,6
A0189356M,Green Committee,Head,9
A0189356M,Netball,Member,3
A0189356M,Soccer F,Member,0
A0189356M,Table Tennis F,Captain,18
A0189356M,Volleyball F,Member,9
A0188302H,EusoffWorks,Head,22
A0188302H,Co-Convening,Member (First Aid),9
A0188302H,Summer,EW,2
A0188302H,Handball F,Member,4
A0188302H,Soccer F,Vice-Captain,15
A0188302H,Touch Rugby F,Member,9
A0188302H,Table Tennis F,Member,0
A0188302H,Volleyball F,Member,0
A0200874J,EHDP,Dance 2,7
A0167824W,EHDP,Admin Director,10
A0167824W,Elderly Services,Member,5
A0167824W,MINDS,Member,1
A0167824W,SMC,Member (Logistics),10
A0167824W,Elderly Services,Member,4
A0167824W,MINDS (summer),Member,1
A0167824W,Baketball M,Member,13
A0167824W,Swim M,Member,1
A0167824W,Volleyball M,Member,1
A0189345R,EHOC,Marketing Member,0
A0187933N,EHDP,Choreo,16
A0187933N,EHDP,Dance 2,10
A0187933N,EHDP,Dance 5,9
A0187933N,EHDP,Dance 9,7
A0187933N,EDC,Member,4
A0187933N,DU,EDC,3
A0187933N,DU - JunKweh,Member,3
A0187933N,DU - Kyrene,Member,3
A0187933N,External CCA,Member,7
A0161230Y,Band,Member,2
A0161230Y,Choir,Member,1
A0161230Y,EDC,Member,3
A0161230Y,DU,EDC,3
A0161230Y,External CCA,Member,3
A0161230Y,DU - JunKweh,Member,3
A0188102L,EHDP,Dance 9,8
A0188102L,EDC,Member,7
A0188102L,DU,EDC,3
A0188102L,DU - JunKweh,Member,3
A0188102L,DU - Kyrene,Member,3
A0188102L,Badminton M,Member,4
A0205904L,HRB,Publicity Member,8
A0205904L,RAG Dancer,Dancer ,5
A0205904L,Acapella,Member,9
A0205904L,Band,Band Leader,10
A0205904L,EDC,Member,9
A0205904L,HMC,Member,8
A0205904L,Floorball F,Member,10
A0205904L,Amplitude,Acapella,1
A0205224W,CMC,Member,7
A0205224W,Elections Comm,Member,4
A0205224W,Co-Convening,Member (First Aid),6
A0205224W,Frisbee,Vice-Captain,14
A0205224W,Handball F,Member,0
A0205224W,Softball,Member,0
A0205224W,Track F,Member,0
A0205224W,External CCA,Member,8
A0172647X,Floorball F,Member,9
A0172647X,Handball F,Member,11
A0172647X,Soccer F,Member,0
A0172647X,Softball,Member,9
A0204239L,Drama,Member,8
A0204239L,RAG Dancer,Dance,7
A0204239L,HPB,Member,6
A0204239L,EHDP,Ensemble,4
A0204239L,EHDP,Dance 1,7
A0204239L,EHDP,Dance 4,7
A0204239L,EusoffWorks,Photo Member,8
A0204239L,SMC,Member (Publicity),9
A0204239L,Floorball F,Member,3
A0204239L,Softball,Member,2
A0204239L,Tennis F,Member,1
A0204239L,Table Tennis F,Member,0
A0203621X,EHDP,Dance 3,8
A0203621X,Floorball F,Member,0
A0203621X,Squash F,Member,8
A0203373N,Floorball F,Member,1
A0203373N,Handball F,Member,1
A0203373N,Soccer F,Member,0
A0203373N,Table Tennis F,Member,0
A0203373N,EHDP,Dance 8,6
A0203697X,EHDP,Dance 6,7
A0203697X,EHDP,Dance 8,7
A0203697X,Choir,Member,2
A0203697X,Salvation Army,Member,2
A0203697X,MINDS,Member,13
A0203697X,Amplitude,Choir,1
A0203697X,Squash M,Member,0
A0203697X,Tennis M,Member,10
A0203697X,Table Tennis M,Member,1
A0184821A,DU - Kyrene,Member,3
A0188188J,EHOC,Pubs Head,12
A0188188J,EHDP,Dance 5,6
A0188188J,Choir,Member,4
A0188188J,MINDS,Member,4
A0188188J,EusoffWorks,Video Member,0
A0188188J,Floorball F,Member,0
A0188188J,Soccer F,Member,2
A0188188J,Softball,Member,4
A0188188J,Swim F,Member,6
A0188188J,Table Tennis F,Member,9
A0199859W,RAG Comm,Floats,8
A0199859W,EHDP,Dance 7,8
A0199859W,Drama,Treasurer,11
A0199859W,Expeditions,Member,12
A0199859W,HMC,Member,8
A0199859W,SPT,BASHIE,2
A0199859W,Team Manager,Member (Squash),7
A0199859W,Softball,Member,10
A0199859W,Tennis M,Member,14
A0205989L,EHDP,Dance 8,7
A0205989L,Frisbee,Member,0
A0205989L,Table Tennis F,Member,1
A0205989L,Track F,Member,8
A0205989L,Volleyball F,Member,1
A0185299J,EHOC,Progs Member,10
A0185299J,Co-Convening,Member (First Aid),5
A0185299J,External CCA,Member,8
A0185299J,Floorball F,Member,9
A0185299J,Handball F,Member,1
A0185299J,Track F,Member,8
A0203343W,EHDP,Dance 1,8
A0203343W,RAG Dancer,Dancer,4
A0203343W,EHDP,Dance 8,11
A0203343W,SMC,Member (Logistics),8
A0203343W,Basketball F,Member,0
A0203343W,Soccer F,Member,8
A0203343W,Touch Rugby F,Member,3
A0203343W,EHDP,Lights,5
A0167987B,Takraw,Vice-Captain,12
A0167987B,Volleyball M,Member,10
A0207421U,Netball,Member,0
A0207421U,Tennis F,Member,0
A0182801L,Track M,Member,0
A0200518U,HPB,Member,5
A0200518U,HMC,Member,8
A0200518U,SPT,MEMBER,8
A0200518U,SMC,Member (Programmes),8
A0200518U,Frisbee,Member,10
A0200518U,Handball M,Member,0
A0200518U,Touch Rugby M,Member,8
A0200518U,External CCA,Member,10
A0205083N,Tennis F,Member,1
A0182511N,EHOC,Progs Member,10
A0182511N,EHDP,Dance 7,7
A0204196H,EHDP,Dance 9,7
A0204196H,Handball F,Member,1
A0204196H,Netball,Member,0
A0204196H,Softball,Member,0
A0204196H,Volleyball F,Member,15
A0202869X,Elderly Services,Member,6
A0202869X,Co-Convening,Member (First Aid),5
A0202869X,Takraw,Member,13
A0203734M,EHDP,Dance 1,7
A0203734M,SMC,Member (Programmes),11
A0203734M,Team Manager,Member (Touch Rugby),6
A0203734M,Basketball F,Member,9
A0203734M,Handball F,Member,11
A0203734M,Soccer F,Member,11
A0203734M,Softball,Member,0
A0203734M,Touch Rugby F,Member,1
A0171323R,SEP,Sports,6
A0171323R,Netball,Member,4
A0171323R,Volleyball F,Member,4
A0173206M,Salvation Army,Member,4
A0173206M,SPT,HEAD,13
A0172625E,CMC,Head,16
A0172625E,Band,Member,2
A0172625E,SPT,SC HEAD,13
A0172625E,EusoffWorks,Design Member,5
A0172625E,Squash F,Member,10
A0172625E,Table Tennis F,Member,6
A0205629A,EHDP,Dance 6,7
A0205629A,EHDP,Dance 5,9
A0205629A,Basketball F,Member,11
A0205629A,Frisbee,Member,0
A0205629A,Handball F,Member,1
A0205629A,Soccer F,Member,2
A0203242Y,Band,Band Leader/Band Head,12
A0203242Y,Team Manager,Member (Softball),7
A0203242Y,DU - JunKweh,Member,3
A0203242Y,DU - Kyrene,Member,3
A0203242Y,Frisbee,Member,1
A0203242Y,Track F,Member,0
A0203242Y,EHDP,Dance 4,9
A0203242Y,EHDP,Dance 9,8
A0188735M,EHOC,Admin Director,13
A0188735M,EHDP,Marketing,6
A0188735M,HMC,Member,5
A0188735M,EusoffWorks,Audio Head,12
A0188735M,Co-Convening,Member (First Aid),6
A0188735M,Team Manager,Member (Football),10
A0188735M,External CCA,Member,10
A0188735M,Softball,Member,3
A0188735M,Touch Rugby F,Member,0
A0188735M,Tennis F,Vice-Captain,14
A0188735M,EBP,Member,5
A0173776N,EHDP,Vice Producer 2,13
A0173776N,CMC,Secretary,8
A0173776N,Band,Band Head,8
A0173776N,SEP,EHDP,6
A0173776N,SEP,CMC,6
A0173776N,SEP,Band,5
A0173776N,Summer,Band,3
A0206244N,HRB,Logistic Member,9
A0206244N,CMC,Member,8
A0206244N,SMC,Member (Logistics),6
A0206244N,External CCA,Member,10
A0206244N,Road Relay M,Member,2
A0206244N,Football M,Member,12
A0206244N,Softball,Member,0
A0206244N,Takraw,Member,1
A0206244N,Volleyball M,Member,0
A0206150X,Acapella,Member,6
A0206150X,Band,Member,7
A0206150X,SPT,BASHIE,2
A0206150X,Floorball F,Member,2
A0206150X,Soccer F,Member,4
A0206150X,Amplitude,Acapella,1
A0204410A,RAG Comm,Floater,8
A0204410A,EHDP,Dance 8,8
A0204410A,Expeditions,Member,13
A0204410A,SMC,Member (Publicity),8
A0204410A,Floorball F,Member,0
A0204410A,Soccer F,Member,0
A0204410A,Softball,Member,1
A0204410A,Swim F,Member,0
A0204410A,Touch Rugby F,Member,0
A0204410A,Track F,Captain,17
A0204410A,Volleyball F,Member,0
A0204410A,External CCA,Member,10
A0204410A,EusoffWorks,Video Member,5
A0203717L,Floorball F,Member,8
A0203717L,Soccer F,Member,3
A0190719X,EusoffWorks,Photo Member,6
A0190719X,Badminton F,Captain,16
A0190719X,Floorball F,Member,10
A0190719X,Soccer F,Member,7
A0190719X,External CCA,Member,10
A0180341R,EHDP,Lights,4
A0180341R,Swim M,Member,0
A0205066M,Choir,Member,6
A0205066M,Drama,Member,3
A0205066M,Green Committee,Member,4
A0205066M,EusoffWorks,CRO,3
A0205066M,Amplitude,Choir,1
A0205066M,External CCA,Member,7
A0205066M,Road Relay M,Member,2
A0205066M,Football M,Member,9
A0205066M,Table Tennis M,Member,0
A0200749H,EusoffWorks,Video Member,11
A0200749H,Badminton M,Member,4
A0200749H,Football M,Member,0
A0200749H,Swim M,Member,1
A0191118J,EHOC,Pubs Member,10
A0191118J,FLAG Comm,Secretary,10
A0191118J,EHDP,Dance 9,7
A0191118J,Choir,Member,4
A0191118J,Co-Convening,Member (First Aid),3
A0191118J,Floorball F,Member,0
A0191118J,Handball F,Member,0
A0191118J,Softball,Member,0
A0191118J,Swim F,Member,0
A0191118J,Tennis F,Member,0
A0191118J,Volleyball F,Member,3
A0205519H,Salvation Army,Member,7
A0205519H,EusoffWorks,IT Member,7
A0205519H,External CCA,Member,10
A0205519H,Handball M,Member,4
A0205519H,Softball,Member,12
A0205519H,Tennis M,Member,13
A0203849Y ,RAG Dancer,Dance,3
A0203849Y ,HRB,Programmes Member,3
A0203849Y ,EHDP,ASM,3
A0203849Y ,CMC,Member,8
A0203849Y ,Green Committee,Member,4
A0203849Y ,Floorball F,Member,2
A0203849Y ,Handball F,Member,2
A0203849Y ,Touch Rugby F,Member,1
A0203849Y ,Track F,Member,0
A0189256N,HPB,Head,15
A0189256N,EHDP,Fund-raising Head,11
A0189256N,Floorball F,Member,0
A0189256N,Softball,Member,13
A0200861R,Elderly Services,Member,2
A0200861R,MINDS,Member,4
A0200861R,Swim F,Member,3
A0192368U,EHOC,Progs Member,0
A0204552N,RAG Dancer,Dancer,5
A0204552N,EHDP,Dance 3,6
A0204552N,Floorball F,Member,0
A0204552N,Handball F,Member,1
A0204552N,Touch Rugby F,Vice-Captain,15
A0203080Y,EHDP,Drama Cast,15
A0203080Y,Acapella,Member,4
A0203080Y,Expeditions,Member,10
A0203080Y,Salvation Army,Head,11
A0203080Y,SPT,BASHIE,2
A0203080Y,Team Manager,Member (Road Relay),7
A0203080Y,External CCA,Member,10
A0203080Y,Floorball F,Member,0
A0203080Y,Amplitude,Acapella,1
A0207969L,DU - JunKweh,Member,3
A0207969L,EDC,Member,3
A0207969L,DU,EDC,3
A0172602N,EDC,Member,4
A0172602N,DU,EDC,3
A0172602N,DU - JunKweh,Member,3
A0172602N,DU - Kyrene,Member,3
A0172602N,External CCA,Member,3
A0204086L,RAG Dancer,Dancer,4
A0204086L,EHDP,Dance 3,7
A0204086L,EHDP,Dance 7,7
A0204086L,SMC,Member (Publicity),8
A0204086L,Handball F,Member,12
A0204086L,Netball,Member,1
A0204086L,Touch Rugby F,Member,11
A0173249Y,SEP,CMC,4
A0173249Y,CMC,Member,4
A0173249Y,Elderly Services,Member,5
A0173249Y,Elderly Services,Member,4
A0173249Y,SEP,Sports,9
A0173249Y,External CCA,Member,10
A0173249Y,Basketball F,Member,4
A0173249Y,Floorball F,Member,4
A0173249Y,Handball F,Member,5
A0173249Y,Soccer F,Member,5
A0173249Y,Table Tennis F,Member,1
A0183136H,Summer,Band,3
A0183136H,Band,Member,7
A0183136H,Amplitude,Acapella,1
A0183136H,EHOC,Progs Head,12
A0183136H,Acapella,Member,7
A0183136H,Choir,Member,4
A0183136H,Amplitude,Choir,1
A0183136H,Volleyball M,Member,7
A0183757N,Handball M,Member,3
A0183757N,Touch Rugby M,Member,1
A0183757N,Table Tennis M,Member,3
A0199789R,HRB,Publicity Member,9
A0199789R,RAG Dancer,Dance,6
A0199789R,EHDP,Ensemble,6
A0199789R,EHDP,Dance 7,7
A0199789R,Acapella,Member,7
A0199789R,EusoffWorks,Photo Member,8
A0199789R,SMC,Member (Logistics),7
A0199789R,Team Manager,Member (Badminton),8
A0199789R,Badminton M,Member,4
A0199789R,Frisbee,Member,4
A0199789R,Handball M,Member,0
A0199789R,Touch Rugby M,Member,1
A0199789R,Amplitude,Acapella,1
A0199597X,EusoffWorks,Photo Member,7
A0199597X,Frisbee,Member,10
A0199597X,Softball,Member,1
A0199597X,Squash M,Member,2
A0199597X,Touch Rugby M,Member,0
A0199597X,Track M,Member,10
A0206375E,EHDP,Dance 4,8
A0206375E,EHDP,Dance 9,7
A0206375E,Squash F,Member,10
A0189642R,Amplitude,Acapella,1
A0189642R,Summer,Band,3
A0189642R,RAG Comm,Costumes,12
A0189642R,EHDP,Publicity,12
A0189642R,Acapella,Member,7
A0189642R,Band,Band Head,13
A0189642R,Choir,Member,5
A0189642R,EDC,Member,7
A0189642R,DU,EDC,3
A0189642R,DU - JunKweh,Member,3
A0171272L,Hackers,Member,1
A0171272L,SEP,Sports,5
A0171272L,External CCA,Member,3
A0171272L,Basketball F,Member,5
A0171272L,Handball F,Member,2
A0209909U,Track M,Member,0
A0190608A,Green Committee,Member,4
A0190608A,SMC,Subcomm Head (Publications),16
A0190608A,Touch Rugby M,Member,11
A0190608A,Track M,Member,1
A0190608A,Volleyball M,Captain,16
A0203447L,RAG Dancer,Dance ,5
A0203447L,EHDP,Choreo,15
A0203447L,EHDP,Dance 4,9
A0203447L,EHDP,Dance 7,6
A0203447L,External CCA,Member,8
A0203447L,Floorball F,Member,1
A0203447L,Soccer F,Member,0
A0203447L,Swim F,Member,3
A0203447L,Track F,Member,0
A0207986M,Tennis F,Member,13
A0203051A,EHDP,Drama Cast,15
A0203051A,EDC,Member,9
A0203051A,DU,EDC,3
A0203051A,RAG Comm,Costumer,9
A0203051A,RAG Dancer,Dancer ,2
A0203051A,Team Manager,Member (Volleyball),6
A0203051A,Basketball F,Member,2
A0203051A,Floorball F,Member,0
A0203051A,Handball F,Member,2
A0203051A,Soccer F,Member,0
A0203051A,Volleyball F,Member,10
A0206025W,EHDP,Sets,8
A0206025W,SMC,Member (Publications),5
A0206025W,Co-Convening,Member (First Aid),8
A0206025W,Team Manager,Member (Track),7
A0206025W,Squash M,Member,0
A0206025W,Takraw,Member,0
A0206025W,Table Tennis M,Vice-Captain,15
A0206025W,Volleyball M,Member,0
A0171201B,EusoffWorks,Audio Member,7
A0171201B,Volleyball F,Captain,19
A0199509L,DU - JunKweh,Member,3
A0199509L,EHDP,Choreo,10
A0199509L,EDC,Member,8
A0199509L,EusoffWorks,Audio Member,7
A0199509L,DU,EDC,3
A0199509L,Swim M,Member,0
A0199509L,Table Tennis M,Member,6
A0204489X,SMC,Member (Publicity),1
A0204489X,Basketball F,Member,0
A0204489X,Handball F,Member,0
A0204489X,Netball,Member,0
A0204489X,Touch Rugby F,Member,1
A0204489X,Track F,Member,0
A0204489X,EHDP,Dance 9,7
A0183677M,RAG Comm,Costumes,8
A0183677M,EHDP,ASM,6
A0183677M,SMC,Member (Facilities Management),12
A0183677M,Badminton M,Captain,15
A0189346N,Choir,Member,6
A0189346N,Elderly Services,Head,13
A0189346N,Amplitude,Choir,1
A0183631H,Floorball M,Member,7
A0183631H,Football M,Member,1
A0200127B,EHDP,Drama Cast,15
A0200127B,Expeditions,Member,13
A0200127B,Audits,Member,5
A0200127B,SMC,Member (Publications),7
A0200127B,Floorball M,Member,11
A0200127B,Handball M,Member,0
A0189697X,RAG Comm,Costume Head ,15
A0189697X,EHDP,Dance 4,9
A0189697X,EHDP,Dance 9,8
A0189697X,EDC,Member,8
A0189697X,Salvation Army,Member,7
A0189697X,SMC,Subcomm Head (Logistics),16
A0189697X,DU,EDC,3
A0189697X,Handball F,Member,1
A0205657B,Squash F,Member,1
A0205657B,Volleyball F,Member,1
A0205657B,EHDP,Dance 5,7
A0205657B,EHDP,Dance 7,8
A0191105R,Frisbee,Member,5
A0203783E,Choir,Member,6
A0203783E,Drama,Member,4
A0203783E,Amplitude,Choir,1
A0189176M,EHOC,Marketing Head,5
A0189176M,EBP,Member,5
A0189176M,SPT,SC HEAD,11
A0189176M,Floorball F,Member,0
A0188781L,RAG Comm,Costumes,7
A0188781L,Floorball F,Member,0
A0187820Y,EHOC,Logs Head,11
A0187820Y,EHDP,Sets,8
A0187820Y,EHDP,Publicity,12
A0187820Y,EusoffWorks,Video Member,12
A0187820Y,Hackers,Member,5
A0199998M,HPB,Member,5
A0199998M,SMC,Member (Programmes),6
A0199998M,Co-Convening,Member (First Aid),6
A0199998M,Floorball M,Member,0
A0199998M,Handball M,Member,0
A0199998M,Squash M,Member,1
A0208199U,Tennis F,Member,1
A0205078H,EHDP,Junior Dance Director,13
A0205078H,EHDP,Choreo,16
A0205078H,EHDP,Dance 7,9
A0205078H,EHDP,Dance 8,10
A0205078H,EDC,Member,5
A0205078H,SPT,BASHIE,2
A0205078H,Team Manager,Member (Track),7
A0205078H,Volleyball F,Member,1
A0208019L,EHDP,Sets,13
A0208019L,CMC,Member,4
A0208019L,Choir,Member,9
A0208019L,EusoffWorks,Design Member,7
A0208019L,SMC,Member (Publications),11
A0208019L,Amplitude,Choir,1
A0208019L,Swim F,Member,10
A0203329M,Drama,Member,3
A0203329M,Badminton F,Member,2
A0203329M,Softball,Member,1
A0203329M,Table Tennis F,Member,1
A0211094R,Frisbee,Member,9
A0211094R,Track M,Member,1
A0190223R,Elderly Services,Member,2
A0190223R,EusoffWorks,Photo Member,5
A0190223R,Floorball F,Member,0
A0190223R,Handball F,Member,2
A0190223R,Softball,Member,11
A0190223R,Swim F,Member,1
A0190223R,Track F,Member,0
A0189009X,EHOC,Pubs Member,9
A0189009X,RAG Comm,Publicity Head ,16
A0189009X,EHDP,Dance 3,8
A0189009X,CMC,Subcomm Head (Publicity),16
A0189009X,EDC,Member,9
A0189009X,EusoffWorks,Design Head,13
A0189009X,DU,EDC,3
A0189009X,Swim F,Member,0
A0199442U,Hackers,Member,8
A0199442U,CMC,Member,3
A0199442U,Choir,Member,9
A0199442U,Green Committee,Member,3
A0199442U,EusoffWorks,IT Member,5
A0199442U,Amplitude,Choir,1
A0199442U,Baketball M,Member,0
A0199442U,Table Tennis M,Member,1
A0199442U,Volleyball M,Member,0
A0205178E,External CCA,Member,3
A0205178E,Volleyball F,Member,10
A0200889X,EHDP,Dance 3,7
A0200889X,Choir,Section Head,9
A0200889X,Amplitude,Choir,1
A0200889X,External CCA,Member,4
A0200889X,Floorball F,Member,0
A0200889X,Handball F,Member,0
A0190562E,Summer,Band,3
A0190562E,Band,Member,7
A0168199J,EHDP,Dance 8,1
A0168199J,EDC,Member,4
A0168199J,DU,EDC,3
A0168199J,DU - JunKweh,Member,3
A0168199J,Road Relay M,Vice-Captain,12
A0168199J,Tennis M,Member,0
A0168199J,Track M,Member,2
A0187617R,RAG Dancer,Choreographer,11
A0187617R,EHDP,Dance Director,17
A0187617R,EHDP,Choreo,10
A0187617R,EHDP,Dance 2,9
A0187617R,EHDP,Dance 8,1
A0187617R,EDC,EDC Head,13
A0187617R,DU Choreographer,EDC,7
A0187617R,DU - JunKweh,Member,3
A0187617R,DU - Kyrene,Member,1
A0187617R,External CCA,Member,10
A0199965Y,EHDP,Dance 4,7
A0199965Y,CMC,Member,2
A0199965Y,Team Manager,Member (Road Relay),7
A0199965Y,External CCA,Member,7
A0199965Y,Baketball M,Member,13
A0199965Y,Handball M,Member,11
A0199965Y,EHDP,Sets,8
A0187479E,RAG Comm,Project Director ,19
A0187479E,EHDP,Dance 2,12
A0187479E,EDC,Member,4
A0187479E,EusoffWorks,Design Member,5
A0187479E,Co-Convening,Member (First Aid),5
A0187479E,Swim F,Member,9
A0200750X,Netball,Member,0
A0187148U,Hackers,Head,13
A0187148U,Elderly Services,Member,2
A0187148U,EusoffWorks,IT Head,14
A0187148U,SMC,Member (Publications),8
A0187148U,Co-Convening,Member (Opening/Closing),8
A0187148U,Summer,EW,2
A0187148U,Tennis M,Captain,16
A0187148U,Track M,Member,0
A0187148U,Volleyball M,Member,7
A0182461H,EHOC,Progs Head,12
A0182461H,HMC,Member,9
A0182461H,EusoffWorks,Audio Member,7
A0182461H,Frisbee,Member,12
A0182461H,Handball M,Member,6
A0182461H,Road Relay M,Member,0
A0182461H,Volleyball M,Member,0
A0199555J,HRB,Logistic Member,11
A0199555J,RAG Comm,Floats,8
A0199555J,EHDP,Dance 5,8
A0199555J,Expeditions,Member,11
A0199555J,HMC,Member,9
A0199555J,SMC,Member (Logistics),7
A0199555J,Baketball M,Member,10
A0199555J,Frisbee,Member,0
A0199555J,Handball M,Member,1
A0185724X,EHOC,PD,17
A0185724X,EHDP,Marketing Head,12
A0185724X,Salvation Army,Member,4
A0185724X,EBP,Member,5
A0185724X,SMC,Subcomm Head (Logistics),14
A0201241E,Squash M,Member,8
A0201241E,Tennis M,Member,0
A0201241E,Table Tennis M,Member,0
A0169739H,Baketball M,Member,9
A0189428M,EHDP,Lights Head,10
A0189428M,Acapella,Vice Head,10
A0189428M,Band,Member,4
A0189428M,Choir,Member,3
A0189428M,Amplitude,Acapella,1
A0119803H,SEP,Sports,2
A0119803H,Volleyball M,Member,2
A0204324W,RAG Dancer,Dancer,6
A0204324W,EHDP,Dance 4,9
A0204324W,CMC,Member,8
A0204324W,Drama,Member,3
A0204324W,EDC,Member,8
A0204324W,SPT,MEMBER,9
A0204324W,EusoffWorks,Photo Member,7
A0204324W,DU,EDC,3
A0204324W,Basketball F,Member,0
A0204324W,Floorball F,Member,0
A0204324W,Track F,Member,0
A0204324W,EHDP,Choreo,15
A0203708L,HPB,Member,6
A0203708L,EHDP,Drama Cast,15
A0203708L,Acapella,Member,10
A0203708L,Band,Member,7
A0203708L,HMC,Member,7
A0203708L,Basketball F,Member,0
A0203708L,Handball F,Member,2
A0203708L,Soccer F,Member,11
A0203708L,Softball,Member,9
A0203708L,Amplitude,Acapella,1
A0199248L,Hackers,Member,10
A0199248L,EHDP,Ensemble,6
A0199248L,Choir,Member,10
A0199248L,Drama,Member,7
A0199248L,Elderly Services,Member,7
A0199248L,EusoffWorks,IT Member,3
A0199248L,Amplitude,Choir,1
A0199248L,Badminton M,Member,9
A0199248L,Frisbee,Member,0
A0199248L,Road Relay M,Member,0
A0199248L,Softball,Member,0
A0199248L,Touch Rugby M,Member,0
A0199248L,Table Tennis M,Member,0
A0199248L,Track M,Member,0
A0199248L,Volleyball M,Member,0
A0203900X,EHDP,Drama Cast,17
A0203900X,Choir,Member,8
A0203900X,EusoffWorks,Design Member,5
A0203900X,Amplitude,Choir,1
A0203900X,Swim F,Member,0
A0203900X,Squash F,Member,1
A0203900X,Track F,Member,0
A0203900X,Drama,Member,8
A0203900X,External CCA,Member,7
A0200196N,CMC,Member,5
A0200196N,SPT,MEMBER,8
A0200196N,SMC,Member (Sponsorship),4
A0200196N,External CCA,Member,9
A0200196N,Floorball M,Member,6
A0200196N,Road Relay M,Member,0
A0200196N,Football M,Member,11
A0200196N,Takraw,Member,0
A0202936H,EHDP,Assistant Drama Director,11
A0202936H,EHDP,Dance 2,7
A0202936H,EHDP,Dance 7,7
A0202936H,EDC,Member,3
A0202936H,Elections Comm,Member,4
A0202936H,SPT,MEMBER,8
A0202936H,Drama,Member,7
A0203815M,EHDP,Dance 3,9
A0203815M,Co-Convening,Member (First Aid),6
A0203815M,Handball F,Member,0
A0203815M,Softball,Member,2
A0203815M,Touch Rugby F,Member,0
A0203815M,Table Tennis F,Member,13
A0203815M,Volleyball F,Member,4
A0200736N,Choir,Member,6
A0200736N,EusoffWorks,Video Member,11
A0200736N,Co-Convening,Member (First Aid),4
A0200736N,Table Tennis M,Member,1
A0190254J,External CCA,Member,10
A0190254J,HRB,ViceMemberHead,13
A0190254J,EBP,Member,5
A0190254J,SMC,Head,21
A0190254J,Floorball M,Member,8
A0190254J,Softball,Member,1
A0203715N,EHDP,Dance 6,7
A0203715N,SMC,Member (Logistics),11
A0203715N,Basketball F,Member,0
A0203715N,Frisbee,Member,0
A0203715N,Handball F,Member,2
A0203715N,Netball,Member,8
A0203715N,Softball,Member,4
A0203715N,Touch Rugby F,Member,0
A0203715N,Volleyball F,Member,4
A0187577H,EHOC,Progs Member,10
A0187577H,RAG Comm,Costumes ,7
A0187577H,EHDP,Marketing,7
A0187577H,EusoffWorks,Archive Member,7
A0187577H,Road relay F,Member,0
A0187577H,Swim F,Member,7
A0187577H,Touch Rugby F,Member,8
A0199819A,Green Committee,Member,4
A0199819A,MINDS,Member,6
A0199819A,Floorball M,Member,10
A0199819A,Handball M,Member,1
A0199819A,Football M,Member,0
A0209146H,Swim M,Member,1
A0187999R,HPB,Exco,10
A0187999R,SMC,Subcomm Head (Programmes),17
A0187999R,External CCA,Member,10
A0187999R,Handball F,Member,8
A0187999R,Netball,Vice-Captain,12
A0187999R,Soccer F,Member,0
A0188282U,Hackers,Member,6
A0188282U,FLAG Comm,Marketing Head,11
A0188282U,External CCA,Member,9
A0188282U,Basketball F,Member,10
A0188282U,Handball F,Member,8
A0188282U,Swim F,Member,1
A0187091Y,EHOC,Logs Head,12
A0187091Y,FLAG Comm,Member,11
A0187091Y,EHDP,Stage Manager,10
A0187091Y,Choir,Member,8
A0187091Y,MINDS,Head,15
A0187091Y,EusoffWorks,Archive Head,13
A0187091Y,SMC,Member (Logistics),7
A0187091Y,Amplitude,Choir,1
A0187091Y,Floorball M,Member,12
A0171687R,Co-Convening,Member (First Aid),5
A0171687R,Basketball F,Member,2
A0171687R,Frisbee,Member,6
A0171687R,Soccer F,Member,9
A0171687R,Swim F,Member,1
A0210928H,Choir,Member,8
A0210928H,Elderly Services,Member,2
A0210928H,MINDS,Member,2
A0210928H,Amplitude,Choir,1
A0210928H,Acapella,Member,9
A0210928H,Amplitude,Acapella,1
A0187288J,RAG Dancer,Choreographer,11
A0187288J,EHDP,Drama Director + Scriptwriter,22
A0187288J,EHDP,Dance 2,9
A0187288J,EHDP,Dance 3,7
A0187288J,Drama,Vice-Head,14
A0203891E,RAG Comm,Floats ,6
A0203891E,EHDP,Dance 4,9
A0203891E,EHDP,Dance 6,7
A0203891E,SMC,Member (Publications),8
A0203891E,Swim F,Member,2
A0203891E,Table Tennis F,Member,12
A0190285B,SPT,SC HEAD,11
A0190285B,Volleyball M,Member,3
A0201916M,EHDP,Sets,8
A0204670M,RAG Comm,Floats,8
A0204670M,EHDP,Dance 4,7
A0204670M,EHDP,Dance 6,7
A0204670M,Choir,Member,4
A0204670M,HMC,Member,10
A0204670M,Amplitude,Choir,1
A0204670M,Badminton F,Member,5
A0204670M,Floorball F,Member,1
A0204670M,Swim F,Member,7
A0183005R,Baketball M,Member,10
A0183005R,Frisbee,Member,5
A0183005R,Swim M,Member,0
A0183005R,Table Tennis M,Member,1
A0167301N,Football M,Member,6
A0167301N,Takraw,Member,9
A0202179J,RAG Comm,Floater,7
A0202179J,SMC,Member (Publicity),9
A0202179J,Badminton F,Member,10
A0202179J,Basketball F,Member,9
A0202179J,Handball F,Member,10
A0202179J,Volleyball F,Member,1
A0202179J,External CCA,Member,10
A0184721E,Drama,Member,6
A0184721E,Green Committee,Vice-Head,9
A0184721E,Swim F,Member,1